Programming Language,Aug 2023,Aug 2022,Ratings(%),Change(%)
Python,1,1,13.33,-2.30
C,2,2,11.41,-3.35
C++,3,4,10.63,+0.49
Java,4,3,10.33,-2.14
C#,5,5,7.04,+1.64
JavaScript,6,8,3.29,+0.89
Visual Basic,7,6,2.63,-2.26
SQL,8,9,1.53,-0.14
Assembly Language,9,7,1.34,-1.41
PHP,10,10,1.27,-0.09
Scratch,11,21,1.22,+0.63
Go,12,15,1.16,+0.20
MATLAB,13,17,1.05,+0.17
Fortran,14,18,1.03,+0.24
COBOL,15,21,0.96,+0.59
R,16,16,0.92,+0.01
Ruby,17,19,0.91,+0.18
Swift,18,11,0.90,-0.35
Rust,19,22,0.89,+0.32
Julia,20,28,0.85,+0.41