Programming Language,Jul 2024,Jul 2023,Ratings(%),Change(%)
Python,1,1,16.12,+2.70
C++,2,3,10.34,-0.46
C,3,2,9.48,-2.08
Java,4,4,8.59,-1.91
C#,5,5,6.72,-0.16
JavaScript,6,6,3.79,+0.68	
Go,7,13,2.19,+1.12
Visual Basic,8,7,2.08,-0.82
Fortran,9,11,2.05,+0.80
SQL,10,8,2.04,+0.56
Delphi/Object Pascal,11,15,1.89,+0.91
MATLAB,12,10,1.34,+0.08
Rust,13,17,1.18,+0.29
Ruby,14,16,1.16,+0.25
PHP,15,9,1.15,-0.26
Scratch,16,12,1.15,+0.08
Swift,17,18,1.13,+0.25
Assembly Language,18,14,1.11,+0.10
Kotlin,19,23,1.05,
COBOL,20,20,1.02,+0.16