Programming Language,Sep 2020,Sep 2019,Ratings(%),Change(%)
C,1,2,15.95,+0.74
Java,2,1,13.48,-3.18
Python,3,3,10.47,+0.59
C++,4,4,7.11,+1.48
C#,5,5,4.58,+1.18
Visual Basic,6,6,4.12,+0.83
JavaScript,7,7,2.54,+0.41
PHP,8,9,2.49,+0.62
R,9,19,2.37,+1.33
SQL,10,8,1.76,-0.19
Go,11,14,1.46,+0.24
Swift,12,16,1.38,+0.28
Perl,13,20,1.30,+0.26
Assembly Language,14,12,1.30,-0.08
Ruby,15,15,1.24,+0.03
MATLAB,16,18,1.10,+0.04
Groovy,17,11,0.99,-0.52
Rust,18,33,0.92,+0.55
Objective-C,19,10,0.85,-0.99
Dart,20,24,0.77,+0.13
