Programming Language,Nov 2020,Nov 2019,Ratings(%),Change(%)
C,1,2,16.21,+0.17
Python,2,3,12.12,+2.27
Java,3,1,11.68,-4.57
C++,4,4,7.60,+1.99
C#,5,5,4.67,+0.36
Visual Basic,6,6,4.01,-0.22
JavaScript,7,7,2.03,+0.10
PHP,8,8,1.79,+0.07
R,9,16,1.64,+0.66
SQL,10,9,1.54,-0.15
Groovy,11,14,1.51,+0.41
Perl,12,21,1.51,+0.68
Go,13,20,1.36,+0.51
Swift,14,10,1.35,-0.31
Ruby,15,11,1.22,-0.04
Assembly Language,16,15,1.17,+0.14
MATLAB,17,19,1.10,+0.21
Delphi/Object Pascal,18,13,0.86,-0.28
Objective-C,19,12,0.84,-0.35
Transact-SQL,20,32,0.82,+0.44
